<?xml version="1.0" encoding="UTF-8"?>
<project-private xmlns="http://www.netbeans.org/ns/project-private/1">
    <editor-bookmarks xmlns="http://www.netbeans.org/ns/editor-bookmarks/2" lastBookmarkId="0"/>
    <open-files xmlns="http://www.netbeans.org/ns/projectui-open-files/2">
        <group>
            <file>file:/C:/Users/User/Documents/NetBeansProjects/projetopi/src/view/TelaVendasView.java</file>
            <file>file:/C:/Users/User/Documents/NetBeansProjects/projetopi/src/DAO/ProdutoDAO.java</file>
            <file>file:/C:/Users/User/Documents/NetBeansProjects/projetopi/src/utils/ConexaoMySql.java</file>
            <file>file:/C:/Users/User/Documents/NetBeansProjects/projetopi/src/DAO/VendaDAO.java</file>
            <file>file:/C:/Users/User/Documents/NetBeansProjects/projetopi/src/Controller/ClienteController.java</file>
            <file>file:/C:/Users/User/Documents/NetBeansProjects/projetopi/src/model/Produto.java</file>
            <file>file:/C:/Users/User/Documents/NetBeansProjects/projetopi/src/Controller/VendaController.java</file>
            <file>file:/C:/Users/User/Documents/NetBeansProjects/projetopi/src/utils/Validador.java</file>
            <file>file:/C:/Users/User/Documents/NetBeansProjects/projetopi/src/DAO/ClienteDAO.java</file>
            <file>file:/C:/Users/User/Documents/NetBeansProjects/projetopi/src/view/CadastrarClienteView.java</file>
            <file>file:/C:/Users/User/Documents/NetBeansProjects/projetopi/src/view/RelatoriosView.java</file>
            <file>file:/C:/Users/User/Documents/NetBeansProjects/projetopi/src/view/TelaInicialView.java</file>
            <file>file:/C:/Users/User/Documents/NetBeansProjects/projetopi/src/model/Venda.java</file>
            <file>file:/C:/Users/User/Documents/NetBeansProjects/projetopi/src/model/Cliente.java</file>
            <file>file:/C:/Users/User/Documents/NetBeansProjects/projetopi/src/model/Relatorio.java</file>
            <file>file:/C:/Users/User/Documents/NetBeansProjects/projetopi/src/Controller/ProdutoController.java</file>
            <file>file:/C:/Users/User/Documents/NetBeansProjects/projetopi/src/view/CadastrarProdutoView.java</file>
            <file>file:/C:/Users/User/Documents/NetBeansProjects/projetopi/src/DAO/RelatorioDAO.java</file>
            <file>file:/C:/Users/User/Documents/NetBeansProjects/projetopi/src/Controller/RelatorioController.java</file>
        </group>
    </open-files>
</project-private>
